{"videos": {"_type": "video-file", "sha256": "9ab45fe29200f38c1bd864a9998f9fc9bec7d5030c623a52193224d88ac7bcb8", "size": 35106, "path": "media/videos/videos_13_9ab45fe29200f38c1bd8.mp4"}, "_timestamp": 1684272116.626485, "_runtime": 74.47852301597595, "_step": 9115, "global_step": 499900, "charts/episodic_return": 500.0, "charts/episodic_length": 500.0, "charts/epsilon": 0.05000000074505806, "losses/td_loss": 0.031543850898742676, "losses/q_values": 102.5268783569336, "charts/SPS": 7040.0, "_wandb": {"runtime": 73}}