{"global_step": 6673152, "_timestamp": 1684251552.9361696, "charts/episodic_return": 317.0, "charts/episodic_length": 6784.0, "_runtime": 7598.076758623123, "_step": 12763, "_wandb": {"runtime": 7598}}